{"name":"Masculine First Names","type":"simple","entries":{"0":"1 | Aadhav","1":"2 | Aaron","2":"3 | Abasi","3":"4 | Abhay","4":"5 | Abraham","5":"6 | Adam","6":"7 | Adamu","7":"8 | Aiden","8":"9 | Akihiro","9":"10 | Alain","10":"11 | Alessandro","11":"12 | Alex","12":"13 | Ali","13":"14 | Amir","14":"15 | Amrit","15":"16 | Andre","16":"17 | Andrew","17":"18 | Anwar","18":"19 | Arjun","19":"20 | Arthur","20":"21 | Asad","21":"22 | Ashwin","22":"23 | Atsushi","23":"24 | Augustin","24":"25 | Ayaan","25":"26 | Babacar","26":"27 | Bakari","27":"28 | Baptiste","28":"29 | Barrett","29":"30 | Basil","30":"31 | Bimal","31":"32 | Blake","32":"33 | Bodhi","33":"34 | Bouba","34":"35 | Bradley","35":"36 | Brandon","36":"37 | Brendan","37":"38 | Brian","38":"39 | Brice","39":"40 | Bryce","40":"41 | Callum","41":"42 | Calvin","42":"43 | Casimir","43":"44 | Cedric","44":"45 | Chaiwat","45":"46 | Chandran","46":"47 | Charles","47":"48 | Chiahao","48":"49 | Chinonso","49":"50 | Christophe","50":"51 | Clarence","51":"52 | Clark","52":"53 | Colin","53":"54 | Cyrus","54":"55 | Daiki","55":"56 | Damien","56":"57 | Dante","57":"58 | Darrell","58":"59 | Darren","59":"60 | David","60":"61 | Deepak","61":"62 | Denzel","62":"63 | Dhamrong","63":"64 | Dimas","64":"65 | Dominic","65":"66 | Donovan","66":"67 | Dorian","67":"68 | Douglas","68":"69 | Duncan","69":"70 | Durai","70":"71 | Dylan","71":"72 | Easton","72":"73 | Edgar","73":"74 | Edmund","74":"75 | Edward","75":"76 | Elijah","76":"77 | Emilien","77":"78 | Emmanuel","78":"79 | Emmett","79":"80 | Enzo","80":"81 | Eshan","81":"82 | Ethan","82":"83 | Etienne","83":"84 | Ezra","84":"85 | Faisal","85":"86 | Felix","86":"87 | Femi","87":"88 | Fernando","88":"89 | Finn","89":"90 | Florent","90":"91 | François","91":"92 | Franklin","92":"93 | Fredrick","93":"94 | Fumihiro","94":"95 | Gabriel","95":"96 | Gareth","96":"97 | Garrett","97":"98 | Gautier","98":"99 | George","99":"100 | Gerald","100":"101 | Goro","101":"102 | Graham","102":"103 | Grant","103":"104 | Gregoire","104":"105 | Griffin","105":"106 | Habib","106":"107 | Hakeem","107":"108 | Hamza","108":"109 | Haruto","109":"110 | Hassan","110":"111 | Hector","111":"112 | Henry","112":"113 | Herbert","113":"114 | Hidetoshi","114":"115 | Hiroshi","115":"116 | Hisham","116":"117 | Holden","117":"118 | Howard","118":"119 | Hugo","119":"120 | Hunter","120":"121 | Hyunwoo","121":"122 | Ian","122":"123 | Ibrahim","123":"124 | Idris","124":"125 | Imran","125":"126 | Isaac","126":"127 | Isaiah","127":"128 | Isidro","128":"129 | Italo","129":"130 | Ivan","130":"131 | Jace","131":"132 | Jack","132":"133 | Jafar","133":"134 | Jalen","134":"135 | Jamal","135":"136 | James","136":"137 | Jason","137":"138 | Javier","138":"139 | Jean-Luc","139":"140 | Jeffery","140":"141 | Jeong-hoon","141":"142 | Jeremy","142":"143 | Jeremie","143":"144 | Jerry","144":"145 | Jihoon","145":"146 | Joaquin","146":"147 | Joel","147":"148 | John","148":"149 | Jonathan","149":"150 | Josiah","150":"151 | Jovan","151":"152 | Julian","152":"153 | Justin","153":"154 | Kaito","154":"155 | Kaleb","155":"156 | Kamal","156":"157 | Kane","157":"158 | Karim","158":"159 | Karthik","159":"160 | Kassim","160":"161 | Keith","161":"162 | Kenji","162":"163 | Kenneth","163":"164 | Kenta","164":"165 | Kevin","165":"166 | Khamphong","166":"167 | Khalid","167":"168 | Kieran","168":"169 | Kofi","169":"170 | Kojiro","170":"171 | Krishna","171":"172 | Kunle","172":"173 | Kwame","173":"174 | Kyle","174":"175 | Lakshman","175":"176 | Laurent","176":"177 | Lazarus","177":"178 | Leandro","178":"179 | Lee Min","179":"180 | Leonard","180":"181 | Levi","181":"182 | Liam","182":"183 | Lionel","183":"184 | Lorenzo","184":"185 | Louis","185":"186 | Lucas","186":"187 | Luan","187":"188 | Lucien","188":"189 | Luke","189":"190 | Mahesh","190":"191 | Malik","191":"192 | Mamadou","192":"193 | Manish","193":"194 | Manu","194":"195 | Marcelo","195":"196 | Marcus","196":"197 | Mark","197":"198 | Martin","198":"199 | Masaru","199":"200 | Mateo","200":"201 | Maurice","201":"202 | Max","202":"203 | Maximilian","203":"204 | Mehdi","204":"205 | Micah","205":"206 | Michael","206":"207 | Mikael","207":"208 | Miles","208":"209 | Min-jun","209":"210 | Mohan","210":"211 | Mukhtar","211":"212 | Mustafa","212":"213 | Nathan","213":"214 | Nathaniel","214":"215 | Naveen","215":"216 | Neil","216":"217 | Nicholas","217":"218 | Nikhil","218":"219 | Noboru","219":"220 | Nolan","220":"221 | Norman","221":"222 | Nuru","222":"223 | Olivier","223":"224 | Omar","224":"225 | Oscar","225":"226 | Owen","226":"227 | Pascal","227":"228 | Patrick","228":"229 | Paul","229":"230 | Peter","230":"231 | Pierre","231":"232 | Pranav","232":"233 | Quentin","233":"234 | Rafael","234":"235 | Rajan","235":"236 | Ralph","236":"237 | Ravi","237":"238 | Raymond","238":"239 | Reginald","239":"240 | Richard","240":"241 | Robert","241":"242 | Roger","242":"243 | Rohan","243":"244 | Ronald","244":"245 | Ryuji","245":"246 | Sachin","246":"247 | Samir","247":"248 | Samuel","248":"249 | Scott","249":"250 | Sebastian","250":"251 | Seth","251":"252 | Shane","252":"253 | Shaun","253":"254 | Simon","254":"255 | Spencer","255":"256 | Stanley","256":"257 | Stefan","257":"258 | Stephen","258":"259 | Steve","259":"260 | Stuart","260":"261 | Subhash","261":"262 | Sulaiman","262":"263 | Surya","263":"264 | Syed","264":"265 | Takuya","265":"266 | Taro","266":"267 | Terence","267":"268 | Terrence","268":"269 | Thabo","269":"270 | Thierry","270":"271 | Thomas","271":"272 | Timothy","272":"273 | Tobias","273":"274 | Todd","274":"275 | Tomás","275":"276 | Tony","276":"277 | Travis","277":"278 | Trevor","278":"279 | Tristan","279":"280 | Troy","280":"281 | Tsuyoshi","281":"282 | Tyler","282":"283 | Umar","283":"284 | Usman","284":"285 | Valentin","285":"286 | Victor","286":"287 | Vijay","287":"288 | Vincent","288":"289 | Vishal","289":"290 | Walter","290":"291 | Warren","291":"292 | Wesley","292":"293 | Wilfred","293":"294 | William","294":"295 | Wilson","295":"296 | Wiseman","296":"297 | Xavier","297":"298 | Youssef","298":"299 | Zachary","299":"300 | Zubair"}}